{"cameraMode":{"drawMode":0,"name":"Shaded","section":"Shading Mode"},"sceneLighting":false,"audioPlay":false,"sceneViewState":{"showFog":true,"showMaterialUpdate":false,"showSkybox":false,"showFlares":true,"showImageEffects":true,"showParticleSystems":true},"in2DMode":false,"pivot":{"x":117.88956451416016,"y":11.812664031982422,"z":37.162315368652347},"rotation":{"x":0.05646413192152977,"y":0.45019811391830447,"z":-0.02854229509830475,"w":0.8906952738761902},"size":2.8578836917877199,"orthographic":false}