{"cameraMode":{"drawMode":0,"name":"Shaded","section":"Shading Mode"},"sceneLighting":true,"audioPlay":false,"sceneViewState":{"showFog":true,"showMaterialUpdate":false,"showSkybox":true,"showFlares":true,"showImageEffects":true,"showParticleSystems":true},"in2DMode":false,"pivot":{"x":1.1872183084487916,"y":-5.227239608764648,"z":10.152984619140625},"rotation":{"x":0.25871357321739199,"y":0.08822803944349289,"z":-0.023752063512802125,"w":0.9616482853889465},"size":16.50809097290039,"orthographic":false}