{"cameraMode":{"drawMode":0,"name":"Shaded","section":"Shading Mode"},"sceneLighting":true,"audioPlay":false,"sceneViewState":{"showFog":true,"showMaterialUpdate":false,"showSkybox":true,"showFlares":true,"showImageEffects":true,"showParticleSystems":true},"in2DMode":false,"pivot":{"x":-5.359523773193359,"y":-4.055295467376709,"z":4.484762668609619},"rotation":{"x":0.24103154242038728,"y":-0.3946189880371094,"z":0.10806103050708771,"w":0.8800930976867676},"size":16.870555877685548,"orthographic":false}